name,bytes,bpc,wall,rss_kb,ec,defines
baseline,9165,2.2375,32.02,3473920,0,
drop_word,9178,2.2407,30.94,3431936,0,-DFX2_DROP_WORD=1
drop_match,0,0.0000,31.68,3449344,0,-DFX2_DROP_MATCH=1
lstm_c100,9162,2.2368,18.63,3465728,0,-DFX2_LSTM_CELLS=100
c256_skip01,9166,2.2378,41.74,3478528,0,-DFX2_LSTM_CELLS=256 -DFX2_SKIP_ERR=0.01f
drop_match,9167,2.2380,31.05,3449344,0,-DFX2_DROP_MATCH=1
skip_e001,9164,2.2373,31.52,3473920,0,-DFX2_SKIP_ERR=0.001f
lstm_c150,9164,2.2373,27.44,3469824,0,-DFX2_LSTM_CELLS=150
c256_skip05,9213,2.2493,39.56,3478528,0,-DFX2_LSTM_CELLS=256 -DFX2_SKIP_ERR=0.05f
xor_k6,9682,2.3638,35.42,3473408,0,-DFX2_BOOL_XOR=1
skip_e01,9164,2.2373,32.44,3473920,0,-DFX2_SKIP_ERR=0.01f
lstm_c256,9167,2.2380,47.66,3478528,0,-DFX2_LSTM_CELLS=256
c300_skip01,9166,2.2378,49.80,3482624,0,-DFX2_LSTM_CELLS=300 -DFX2_SKIP_ERR=0.01f
drop_ppm,9217,2.2502,33.46,3472896,0,-DFX2_DROP_PPM=1
walsh4,9777,2.3870,34.56,3473920,0,-DFX2_WALSH4=1
skip_e05,9212,2.2490,36.34,3473920,0,-DFX2_SKIP_ERR=0.05f
xor_k4,9425,2.3010,30.83,3473920,0,-DFX2_BOOL_XOR=1 -DFX2_BOOL_K=4
lstm_c300,9167,2.2380,47.33,3482624,0,-DFX2_LSTM_CELLS=300
l2c100_skip01,9156,2.2354,30.99,3472896,0,-DFX2_LSTM_LAYERS=2 -DFX2_LSTM_CELLS=100 -DFX2_SKIP_ERR=0.01f
drop_halfmix,9223,2.2517,29.08,3455488,0,-DFX2_DROP_HALF_MIX=1
parity8,9244,2.2568,31.99,3473920,0,-DFX2_PARITY8=1
skip_e10,9366,2.2866,32.09,3473920,0,-DFX2_SKIP_ERR=0.10f
xor_k8,10046,2.4526,32.67,3473920,0,-DFX2_BOOL_XOR=1 -DFX2_BOOL_K=8
lstm_h64,9157,2.2356,32.15,3468288,0,-DFX2_LSTM_HORIZON=64
c256_lr05_skip01,9159,2.2361,39.51,3478528,0,-DFX2_LSTM_CELLS=256 -DFX2_LSTM_LR=0.05f -DFX2_SKIP_ERR=0.01f
tiny_lstm,9181,2.2415,12.84,3458560,0,-DFX2_TINY_LSTM=1
delta_k6,9207,2.2478,31.72,3473920,0,-DFX2_DSP_DELTA=1
skip_e20,10089,2.4631,31.91,3473920,0,-DFX2_SKIP_ERR=0.20f
xor_k12,11086,2.7065,37.59,3473408,0,-DFX2_BOOL_XOR=1 -DFX2_BOOL_K=12
lstm_h256,9173,2.2395,32.89,3484672,0,-DFX2_LSTM_HORIZON=256
c256_h64_skip01,9158,2.2358,48.93,3471872,0,-DFX2_LSTM_CELLS=256 -DFX2_LSTM_HORIZON=64 -DFX2_SKIP_ERR=0.01f
drop_word_match,9177,2.2405,31.56,3407872,0,-DFX2_DROP_WORD=1 -DFX2_DROP_MATCH=1
delta_k12,9238,2.2554,32.67,3473920,0,-DFX2_DSP_DELTA=1 -DFX2_BOOL_K=12
skipu_1e8,9165,2.2375,35.76,3473920,0,-DFX2_SKIP_UPD=1e-8f
and_k6,9700,2.3682,33.90,3473920,0,-DFX2_BOOL_AND=1
lstm_h32,9155,2.2351,32.93,3465216,0,-DFX2_LSTM_HORIZON=32
c256_l1x05,9229,2.2532,38.31,3478528,0,-DFX2_LSTM_CELLS=256 -DFX2_L1_SCALE=0.5f
drop_half_c256,9225,2.2522,36.91,3460096,0,-DFX2_DROP_HALF_MIX=1 -DFX2_LSTM_CELLS=256
walsh_parity,9814,2.3960,30.87,3473920,0,-DFX2_WALSH4=1 -DFX2_PARITY8=1
skipu_1e6,9165,2.2375,30.22,3473920,0,-DFX2_SKIP_UPD=1e-6f
and_k8,10057,2.4553,32.06,3473408,0,-DFX2_BOOL_AND=1 -DFX2_BOOL_K=8
lstm_lr01,9175,2.2400,30.57,3473920,0,-DFX2_LSTM_LR=0.01f
c256_l1x20,9155,2.2351,38.62,3478528,0,-DFX2_LSTM_CELLS=256 -DFX2_L1_SCALE=2.0f
drop_word_c256,9178,2.2407,37.96,3437056,0,-DFX2_DROP_WORD=1 -DFX2_LSTM_CELLS=256
walsh_xor,10191,2.4880,32.44,3473408,0,-DFX2_WALSH4=1 -DFX2_BOOL_XOR=1
skipu_1e4,9174,2.2397,30.75,3473920,0,-DFX2_SKIP_UPD=1e-4f
or_k6,9694,2.3667,33.38,3473408,0,-DFX2_BOOL_OR=1
lstm_lr05,9159,2.2361,31.83,3473920,0,-DFX2_LSTM_LR=0.05f
c256_nodeclay,9167,2.2380,41.78,3478528,0,-DFX2_LSTM_CELLS=256 -DFX2_NO_DECAY=1
drop_ppm_c256,9218,2.2505,41.66,3478016,0,-DFX2_DROP_PPM=1 -DFX2_LSTM_CELLS=256
walsh_full,10646,2.5991,33.23,3473920,0,-DFX2_WALSH4=1 -DFX2_PARITY8=1 -DFX2_BOOL_XOR=1 -DFX2_BOOL_AND=1
skipu_1e3,9320,2.2754,31.81,3473408,0,-DFX2_SKIP_UPD=1e-3f
prod_k6,9165,2.2375,31.86,3473920,0,-DFX2_BOOL_PROD=1
lstm_lr08,9147,2.2332,30.91,3473920,0,-DFX2_LSTM_LR=0.08f
c256_flat,9158,2.2358,38.55,3478528,0,-DFX2_LSTM_CELLS=256 -DFX2_FLAT_LR=1
drop_half_c300,9227,2.2527,42.50,3464704,0,-DFX2_DROP_HALF_MIX=1 -DFX2_LSTM_CELLS=300
natgrad,28854,7.0444,31.36,3473408,0,-DFX2_NATGRAD=1
l1x05,9226,2.2524,32.55,3473920,0,-DFX2_L1_SCALE=0.5f
prod_k8,0,0.0000,0.00,512,127,-DFX2_BOOL_PROD=1 -DFX2_BOOL_K=8
lstm_clip5,9165,2.2375,31.11,3473920,0,-DFX2_LSTM_CLIP=5
c200_lr08_skip01,9146,2.2329,31.37,3473408,0,-DFX2_LSTM_LR=0.08f -DFX2_SKIP_ERR=0.01f
drop_word_skip01,9177,2.2405,26.59,3431936,0,-DFX2_DROP_WORD=1 -DFX2_SKIP_ERR=0.01f
signlms,19459,4.7507,30.94,3473920,0,-DFX2_SIGNLMS=1
l1x15,9151,2.2341,31.14,3473408,0,-DFX2_L1_SCALE=1.5f
maj_k6,9248,2.2578,32.52,3473408,0,-DFX2_BOOL_MAJ=1
lstm_clip20,9165,2.2375,32.58,3473920,0,-DFX2_LSTM_CLIP=20
h32_c256_lr05,9148,2.2334,47.42,3468288,0,-DFX2_LSTM_HORIZON=32 -DFX2_LSTM_CELLS=256 -DFX2_LSTM_LR=0.05f
tiny_halfmix,9245,2.2571,18.19,3440128,0,-DFX2_TINY_LSTM=1 -DFX2_DROP_HALF_MIX=1
nat_xor,29150,7.1167,33.44,3473920,0,-DFX2_NATGRAD=1 -DFX2_BOOL_XOR=1
l1x20,9152,2.2344,32.55,3473920,0,-DFX2_L1_SCALE=2.0f
maj_k12,9247,2.2576,35.48,3473920,0,-DFX2_BOOL_MAJ=1 -DFX2_BOOL_K=12
lstm_l2c100,9157,2.2356,46.93,3472896,0,-DFX2_LSTM_LAYERS=2 -DFX2_LSTM_CELLS=100
clip20_c256,9167,2.2380,49.62,3469312,0,-DFX2_LSTM_CLIP=20 -DFX2_LSTM_CELLS=256
drop_match_c256,9170,2.2388,42.98,3453952,0,-DFX2_DROP_MATCH=1 -DFX2_LSTM_CELLS=256
nat_walsh,28937,7.0647,34.25,3473408,0,-DFX2_NATGRAD=1 -DFX2_WALSH4=1
l1x40,9234,2.2544,33.43,3473920,0,-DFX2_L1_SCALE=4.0f
rm_k6,10109,2.4680,30.27,3473920,0,-DFX2_BOOL_XOR=1 -DFX2_BOOL_AND=1
lstm_l2c150,9158,2.2358,43.20,3481600,0,-DFX2_LSTM_LAYERS=2 -DFX2_LSTM_CELLS=150
skip01_l2_001,9165,2.2375,32.30,3473408,0,-DFX2_SKIP_ERR=0.01f -DFX2_L2_LR=0.001f
drop_alltwins,9242,2.2563,36.38,3395072,0,-DFX2_DROP_WORD=1 -DFX2_DROP_MATCH=1 -DFX2_DROP_HALF_MIX=1 -DFX2_LSTM_CELLS=256
sign_xor,36778,8.9790,36.05,3473920,0,-DFX2_SIGNLMS=1 -DFX2_BOOL_XOR=1
l2_0001,9192,2.2441,33.33,3473408,0,-DFX2_L2_LR=0.0001f
all2_k6,10534,2.5718,33.71,3473920,0,-DFX2_BOOL_XOR=1 -DFX2_BOOL_AND=1 -DFX2_BOOL_OR=1
lstm_c256_h64,9159,2.2361,44.67,3471360,0,-DFX2_LSTM_CELLS=256 -DFX2_LSTM_HORIZON=64
kitchen,9300,2.2705,37.54,3460608,0,-DFX2_LSTM_CELLS=256 -DFX2_LSTM_LR=0.05f -DFX2_SKIP_ERR=0.01f -DFX2_DROP_HALF_MIX=1 -DFX2_L1_SCALE=0.5f
drop_ppm_half,9275,2.2644,29.58,3454464,0,-DFX2_DROP_PPM=1 -DFX2_DROP_HALF_MIX=1
delta_xor,9729,2.3752,31.55,3473920,0,-DFX2_DSP_DELTA=1 -DFX2_BOOL_XOR=1
l2_001,9169,2.2385,31.20,3473920,0,-DFX2_L2_LR=0.001f
all2_k8,11572,2.8252,33.90,3473920,0,-DFX2_BOOL_XOR=1 -DFX2_BOOL_AND=1 -DFX2_BOOL_OR=1 -DFX2_BOOL_K=8
lstm_c256_lr05,9159,2.2361,39.25,3478528,0,-DFX2_LSTM_CELLS=256 -DFX2_LSTM_LR=0.05f
kitchen2,9159,2.2361,46.69,3474944,0,-DFX2_LSTM_CELLS=300 -DFX2_LSTM_HORIZON=64 -DFX2_SKIP_ERR=0.01f -DFX2_NO_DECAY=1
dsp_kitchen,10326,2.5210,31.81,3473920,0,-DFX2_WALSH4=1 -DFX2_PARITY8=1 -DFX2_DSP_DELTA=1 -DFX2_BOOL_XOR=1 -DFX2_BOOL_PROD=1
l2_003,9240,2.2559,31.44,3473920,0,-DFX2_L2_LR=0.003f
xor_prod,9683,2.3640,32.13,3473920,0,-DFX2_BOOL_XOR=1 -DFX2_BOOL_PROD=1
anti_ufa,9249,2.2581,15.92,3458560,0,-DFX2_TINY_LSTM=1 -DFX2_L1_SCALE=4.0f
nat_skip01,28898,7.0552,27.77,3473920,0,-DFX2_NATGRAD=1 -DFX2_SKIP_ERR=0.01f
nodeclay,9165,2.2375,31.02,3473920,0,-DFX2_NO_DECAY=1
fullbool,10572,2.5811,32.36,3473408,0,-DFX2_BOOL_XOR=1 -DFX2_BOOL_AND=1 -DFX2_BOOL_OR=1 -DFX2_BOOL_PROD=1 -DFX2_BOOL_MAJ=1
ppm16,9165,2.2375,29.75,3473920,0,-DFX2_PPM_MEM=16
walsh_c256,9785,2.3889,36.73,3478528,0,-DFX2_WALSH4=1 -DFX2_LSTM_CELLS=256
flatlr,9154,2.2349,29.39,3473920,0,-DFX2_FLAT_LR=1
xor_k6_skip01,9684,2.3643,26.94,3473920,0,-DFX2_BOOL_XOR=1 -DFX2_SKIP_ERR=0.01f
ppm64,9165,2.2375,30.96,3473408,0,-DFX2_PPM_MEM=64
nat_c256,28906,7.0571,38.82,3478528,0,-DFX2_NATGRAD=1 -DFX2_LSTM_CELLS=256
skip01_l1x05,9228,2.2529,30.97,3473920,0,-DFX2_SKIP_ERR=0.01f -DFX2_L1_SCALE=0.5f
rm_k8_c256,10839,2.6462,40.11,3478528,0,-DFX2_BOOL_XOR=1 -DFX2_BOOL_AND=1 -DFX2_BOOL_K=8 -DFX2_LSTM_CELLS=256
ppm256,9165,2.2375,31.13,3473408,0,-DFX2_PPM_MEM=256
walsh_tiny,9813,2.3958,15.71,3458560,0,-DFX2_WALSH4=1 -DFX2_TINY_LSTM=1
skip01_nodeclay,9164,2.2373,29.97,3473920,0,-DFX2_SKIP_ERR=0.01f -DFX2_NO_DECAY=1
xor_tiny,9723,2.3738,16.79,3458560,0,-DFX2_BOOL_XOR=1 -DFX2_TINY_LSTM=1
lr08_h32,9134,2.2300,32.05,3465728,0,-DFX2_LSTM_LR=0.08f -DFX2_LSTM_HORIZON=32
